sale_date,product_id,revenue,orders
2026-09-02,p1,1353065.87,523
2026-09-02,p10,1164650.75,488
2026-09-02,p11,1233314.79,479
2026-09-02,p12,1401510.89,527
2026-09-02,p13,1150594.33,483
2026-09-02,p14,1312681.85,510
2026-09-02,p15,1163581.44,485
2026-09-02,p16,1228964.91,487
2026-09-02,p17,1349568.61,534
2026-09-02,p18,1261804.79,477
2026-09-02,p19,1280443.54,512
2026-09-02,p2,1164728.94,455
2026-09-02,p20,1306382.33,506
2026-09-02,p3,1324226.72,505
2026-09-02,p4,1195649.43,466
2026-09-02,p5,1240203.87,493
2026-09-02,p6,1411285.22,553
2026-09-02,p7,1220061.27,473
2026-09-02,p8,1298126.34,510
2026-09-02,p9,1238619.78,503
